{
    "prepare_queue": {
        "installed": [],
        "uninstalled": []
    },
    "config_munge": {
        "files": {
            "package.appxmanifest": {
                "parents": {
                    "/Package/Capabilities": [
                        {
                            "xml": "<DeviceCapability Name=\"location\" />",
                            "count": 1
                        }
                    ]
                }
            }
        }
    },
    "installed_plugins": {
        "cordova-plugin-whitelist": {
            "PACKAGE_NAME": "WADVT"
        },
        "cordova-plugin-compat": {
            "PACKAGE_NAME": "WADVT"
        },
        "cordova-plugin-geolocation": {
            "PACKAGE_NAME": "WADVT"
        }
    },
    "dependent_plugins": {},
    "modules": [
        {
            "file": "plugins/cordova-plugin-geolocation/src/windows/GeolocationProxy.js",
            "id": "cordova-plugin-geolocation.GeolocationProxy",
            "pluginId": "cordova-plugin-geolocation",
            "runs": true
        },
        {
            "file": "plugins/cordova-plugin-geolocation/www/Coordinates.js",
            "id": "cordova-plugin-geolocation.Coordinates",
            "pluginId": "cordova-plugin-geolocation",
            "clobbers": [
                "Coordinates"
            ]
        },
        {
            "file": "plugins/cordova-plugin-geolocation/www/PositionError.js",
            "id": "cordova-plugin-geolocation.PositionError",
            "pluginId": "cordova-plugin-geolocation",
            "clobbers": [
                "PositionError"
            ]
        },
        {
            "file": "plugins/cordova-plugin-geolocation/www/Position.js",
            "id": "cordova-plugin-geolocation.Position",
            "pluginId": "cordova-plugin-geolocation",
            "clobbers": [
                "Position"
            ]
        },
        {
            "file": "plugins/cordova-plugin-geolocation/www/geolocation.js",
            "id": "cordova-plugin-geolocation.geolocation",
            "pluginId": "cordova-plugin-geolocation",
            "clobbers": [
                "navigator.geolocation"
            ]
        }
    ],
    "plugin_metadata": {
        "cordova-plugin-whitelist": "1.3.2",
        "cordova-plugin-compat": "1.1.0",
        "cordova-plugin-geolocation": "2.4.3"
    }
}